year,% Weather_delay,% Nas_delay,% Other_delay
2012,4.120601585065665,20.97152857813634,74.90786983679799
2013,4.390403365644277,22.93413684300293,72.6754597913528
